Title,Source,Author,Published At,URL
Steam Users Are Banding Together To Contact Visa Over Removal Of Adult Games - TheGamer,TheGamer,Johnny Flores Jr.,2025-07-27T02:29:00Z,https://www.thegamer.com/steam-gaming-industry-visa-payment-processors-adult-games-banned/
Vintage Plasma Display Shows Current Rad Levels - Hackaday,Hackaday,Tyler August,2025-07-27T02:00:00Z,https://hackaday.com/2025/07/26/vintage-plasma-display-shows-current-rad-levels/
"Nintendo denies Mario and Peach are hooking up, basically daring internet to prove otherwise - AV Club",The A.V. Club,,2025-07-27T01:18:00Z,https://www.avclub.com/nintendo-denies-mario-and-peach-are-hooking-up
"Poll: So, Have You Tried Out Pokémon Friends On Switch Or Mobile Yet? - Nintendo Life",Nintendo Life,Liam Doolan,2025-07-27T00:00:00Z,https://www.nintendolife.com/news/2025/07/poll-so-have-you-tried-out-pokemon-friends-on-switch-or-mobile-yet
One UI 8 seemingly removes bootloader unlock from Samsung Galaxy devices - 9to5Google,9to5google.com,Ben Schoon,2025-07-26T23:20:00Z,http://9to5google.com/2025/07/26/samsung-galaxy-one-ui-8-bootloader-unlock/
Xbox's Gears of War: E-Day Seemingly in Development for PS5 - Push Square,Push Square,Sammy Barker,2025-07-26T23:00:00Z,https://www.pushsquare.com/news/2025/07/xboxs-gears-of-war-e-day-seemingly-in-development-for-ps5
Here's What All Those Buttons On An F1 Steering Wheel Do - Jalopnik,Jalopnik,Paul Stadden,2025-07-26T22:05:00Z,https://www.jalopnik.com/1920870/what-are-the-buttons-on-f1-steering-wheels/
Video: WWE 2K25 Nintendo Switch 2 vs. PS5 Pro graphics comparison - Nintendo Everything,Nintendoeverything.com,Brian,2025-07-26T21:32:30Z,https://nintendoeverything.com/wwe-2k25-nintendo-switch-2-vs-ps5-pro-comparison/
Are Porsche's PSCB Brakes Just A Compromise Or A Clever Middle Ground? - Jalopnik,Jalopnik,Greg Poggiali,2025-07-26T21:25:00Z,https://www.jalopnik.com/1921211/porsche-tungsten-carbide-brakes/
Apple Store in Michigan Permanently Closing Next Month - MacRumors,MacRumors,Joe Rossignol,2025-07-26T20:51:46Z,https://www.macrumors.com/2025/07/26/apple-store-in-michigan-permanently-closing/
4 surprising ways I use my Pixel 8 Pro's USB port - Android Police,Android Police,Rajesh Pandey,2025-07-26T19:34:00Z,https://www.androidpolice.com/4-surprising-ways-i-use-my-pixel-8-pros-usb-port/
"Nintendo Switch 2 restocks live — Best Buy, Walmart, and more retailers all have stock now - Tom's Guide",Tom's Guide,Rory Mellon,2025-07-26T18:52:38Z,https://www.tomsguide.com/live/news/nintendo-switch-2-restock-news-and-live-updates-tracker
I used the Samsung Galaxy A56 and Galaxy A36; here's why you need to spend more - Android Police,Android Police,Stephen Radochia,2025-07-26T17:49:00Z,https://www.androidpolice.com/samsung-galaxy-a56-vs-galaxy-a36-comparison/
"Super-Rare 3DO M2 Console Worth Over $20,000 Withdrawn From Sale Following Online Abuse - Time Extension",Timeextension.com,Damien McFerran,2025-07-26T17:45:00Z,https://www.timeextension.com/news/2025/07/super-rare-3do-m2-console-worth-over-usd20000-withdrawn-from-sale-following-online-abuse
"The Hundred Line: Last Defense Academy 1.1.1 update out now, patch notes - Nintendo Everything",Nintendoeverything.com,Brian,2025-07-26T17:22:30Z,https://nintendoeverything.com/the-hundred-line-last-defense-academy-1-1-1-update-out-now-patch-notes/
I am turning my Warframe into a killing machine that does hundreds of thousands of damage - Polygon,Polygon,Simone de Rochefort,2025-07-26T16:00:00Z,https://www.polygon.com/616442/warframe-gara-splinter-storm-synergy
"A father buys a new gaming PC for his son for $1,200, not realizing that the hardware installed on it is over 10 years old. - evidencenetwork.ca",Evidencenetwork.ca,Rosalia Neve,2025-07-26T15:06:00Z,https://evidencenetwork.ca/a-father-buys-a-new-gaming-pc-for-his-son-for-1200-not-realizing-that-the-hardware-installed-on-it-is-over-10-years-old/
"This Small-Town Greek Doctor on How He Uses AI: 'Without AI, Q Fever Might Not Have Been on Our List' - Gizmodo",Gizmodo.com,Luc Olinga,2025-07-26T14:16:05Z,https://gizmodo.com/this-small-town-greek-doctor-on-how-he-uses-ai-without-ai-q-fever-might-not-have-been-on-our-list-2000634980
Almost an hour of pre-alpha PC gameplay from Battlefield 6 - DSOGaming,DSOGaming,John Papadopoulos,2025-07-26T14:08:26Z,https://www.dsogaming.com/videotrailer-news/almost-an-hour-of-pre-alpha-pc-gameplay-from-battlefield-6/
Here are the laptops I’d tell any parent to consider for their back-to-school student - The Verge,The Verge,Antonio G. Di Benedetto,2025-07-26T14:00:00Z,https://www.theverge.com/this-is-my-next/713373/best-laptops-for-students
